RAZAO_SOCIAL;UF;total_despesas;media_trimestral;desvio_padrao
BRADESCO SAÃDE S.A.;RJ;41255616284114;13751872094704.666;11534845746223.318
AMIL ASSISTÃNCIA MÃDICA INTERNACIONAL S.A.;SP;29672786010857;9890928670285.666;4316675047439.8657
HAPVIDA ASSISTENCIA MEDICA S.A.;CE;13444051570708;4481350523569.333;2134916901218.818
CAIXA DE ASSISTÃNCIA DOS FUNCIONÃRIOS DO BANCO DO BRASIL;DF;9844886288176;3281628762725.3335;1493157515829.391
NOTRE DAME INTERMÃDICA SAÃDE S.A.;SP;7510449358629;2503483119543.0;1989285075180.9895
UNIMED BELO HORIZONTE COOPERATIVA DE TRABALHO MÃDICO;MG;7352948436322;2450982812107.3335;1154827423141.5234
UNIMED DO EST. DO RJ FEDERAÃÃO EST. DAS COOPERATIVAS MÃDICAS;RJ;6465563579915;2155187859971.6667;822743971163.8875
UNIMED CURITIBA - SOCIEDADE COOPERATIVA DE MÃDICOS;PR;4449480617452;1483160205817.3333;678114043212.3328
UNIMED DE CIANORTE - COOPERATIVA DE TRABALHO MEDICO;PR;4342259424709;1447419808236.3333;10962589764.049639
UNIMED CAMPINAS - COOPERATIVA DE TRABALHO MÃDICO;SP;3862988900534;1287662966844.6667;619212301417.6812
UNIMED PORTO ALEGRE - COOPERATIVA MÃDICA LTDA.;RS;2625700696160;875233565386.6666;664588223582.341
SERV  SOCIAL AUTÃNOMO DE ASSIST Ã SAÃDE DOS SERV PÃBLICOS E MILITARES DE GOIÃS;GO;2616488051260;1308244025630.0;325661782649.838
GRUPO HOSPITALAR DO RIO DE JANEIRO LTDA;RJ;2331377750790;777125916930.0;664850539065.7518
OMINT SERVIÃOS DE SAÃDE S.A.;SP;2069930544690;689976848230.0;706826901228.6687
UNIMED RECIFE COOPERATIVA DE TRABALHO MÃDICO;PE;1996080214139;665360071379.6666;301345978565.912
FUNDAÃÃO CESP;SP;1977094334656;659031444885.3334;303623972078.566
SAMEDIL SERVIÃOS DE ATENDIMENTO MÃDICO S/A;ES;1838312654234;612770884744.6666;537323135690.4334
BRADESCO SAÃDE - OPERADORA DE PLANOS  S/A;SP;1666489106208;555496368736.0;186543362917.83054
UNIMED GRANDE FLORIANÃPOLIS-COOPERATIVA DE TRABALHO MEDICO;SC;1665253255066;555084418355.3334;259801305948.02124
UNIMED FRANCISCO BELTRAO COOPERATIVA DE TRABALHO MEDICO;PR;1640074832341;546691610780.3333;285830216532.2946
FUNDAÃÃO SAÃDE ITAÃ;MG;1548556567439;516185522479.6667;389309613475.3016
UNIMED DO ESTADO DE SÃO PAULO - FEDERAÃÃO ESTADUAL DAS COOP. MÃDICAS;SP;1431996479938;477332159979.3333;406392787252.8261
UNIMED VITORIA COOPERATIVA DE TRABALHO MEDICO;ES;1355378175644;451792725214.6667;337557707528.16113
NOTRE DAME INTERMÃDICA MINAS GERAIS SAÃDE S.A.;CE;1300123536925;433374512308.3333;201015138035.52765
UNIMED SOROCABA COOPERATIVA DE TRABALHO MÃDICO;SP;1282324126794;427441375598.0;218951241363.02795
UNIMED DE LONDRINA COOPERATIVA DE TRABALHO MÃDICO;PR;1279795756422;426598585474.0;198037088513.40042
ODONTOPREV S/A;SP;1268532335062;422844111687.3333;194523130220.75693
UNIMED SERRA GAUCHA/RS COOPERATIVA DE ASSISTENCIA A SAUDE LTDA;RS;1251705635496;417235211832.0;207131122423.38794
UNIMED MACEIO COOPERATIVA DE TRABALHO MÃDICO;AL;1239655983283;413218661094.3333;186782586213.96707
UNIMED SAO JOSÃ DO RIO PRETO - COOP. DE TRABALHO MÃDICO;SP;1182766426252;394255475417.3333;395136679981.3498
CAIXA BENEFICENTE DOS FUNCIONARIOS DO BANCO DO ESTADO DE SÃO PAULO;SP;1053655249399;351218416466.3333;307150681713.54456
SANTA HELENA ASSISTÃNCIA MÃDICA S/A.;SP;1038117677406;346039225802.0;166060934881.2225
POSTAL SAÃDE CAIXA DE ASSISTÃNCIA E SAÃDE DOS EMPREGADOS DOS CORREIOS;DF;997827325985;332609108661.6667;102962521594.01503
UNIMED UBERLÃNDIA COOPERATIVA REGIONAL TRABALHO MÃDICO LTDA;MG;968012759507;322670919835.6667;137727700155.1365
CENTRO TRASMONTANO DE SAO PAULO;SP;966201074851;322067024950.3333;153783110686.11755
CLINIPAM CLINICA PARANAENSE DE ASSISTENCIA MEDICA LTDA;CE;962919243650;320973081216.6667;159046538005.88937
UNIMED BLUMENAU - COOPERATIVA DE TRABALHO MEDICO;SC;909481308821;303160436273.6667;147031995193.93597
UNIMED DE SANTOS COOP DE TRAB MEDICO;SP;905673383453;301891127817.6667;260394680679.10202
FUNDAÃÃO SÃO FRANCISCO XAVIER;MG;889687877492;296562625830.6667;137159719400.93385
UNIMED DO ESTADO DO PARANÃ FEDERAÃÃO ESTADUAL DAS COOPERATIVAS MÃDICAS;PR;881026489497;293675496499.0;138763842447.57025
UNIMED DO ESTADO DE SANTA CATARINA FED. EST. DAS COOP. MÃD.;SC;869712250549;289904083516.3333;134270039426.68195
UNIMED REGIONAL MARINGÃ COOP.DE TRABALHO MÃDICO;PR;868284816822;289428272274.0;249940915196.77515
ASSOCIAÃÃO DE BENEFICÃNCIA E FILANTROPIA SÃO CRISTOVÃO;SP;828049297895;276016432631.6667;126463424406.79332
UNIMED SAO JOSE DOS CAMPOS - COOPERATIVA DE TRABALHO MEDICO;SP;814323092870;271441030956.66666;126389611995.5752
UNIMED DE PIRACICABA SOCIEDADE COOPERATIVA DE SERVIÃOS MÃDICOS;SP;780908914223;260302971407.66666;126810326173.47327
UNIMED - COOPERATIVA DE SERVIÃOS DE SAÃDE DOS VALES DO TAQUARI E RIO PARDO LTDA.;RS;750704712950;250234904316.66666;119299638332.13768
UNIMED DE JOINVILLE COOPERATIVA DE TRABALHO MÃDICO;SC;747546684820;249182228273.33334;122083776302.58394
UNIMED DE RIBEIRAO PRETO - COOPERATIVA DE TRABALHO MÃDICO;SP;737876677415;245958892471.66666;249403162657.2875
UNIMED-SÃO GONÃALO - NITERÃI - SOC.COOP.SERV.MED E HOSP LTDA;RJ;733040849061;244346949687.0;175611461068.05475
UNIMED DE BAURU COOPERATIVA DE TRABALHO MÃDICO;SP;725821220122;241940406707.33334;111263131101.67732
UNIMED LITORAL COOPERATIVA DE TRABALHO MÃDICO LTDA;SC;713165960706;237721986902.0;115841589911.07986
UNIMED JUIZ DE FORA COOPERATIVA DE TRABALHO MÃDICO LTDA;MG;710714088784;236904696261.33334;110952220667.84938
UNIMED SERGIPE - COOPERATIVA DE TRABALHO MÃDICO;SE;705418259746;235139419915.33334;99278558096.62909
PASA - PLANO DE ASSISTENCIA A SAUDE DO APOSENTADO DA VALE;RJ;654163395233;218054465077.66666;90160350484.25618
ASSOCIAÃÃO PETROBRAS DE SAÃDE - APS;RJ;635557440960;211852480320.0;160113875827.4033
UNIMED DE PRESIDENTE PRUDENTE COOPERATIVA DE TRAB. MÃDICO;SP;584545952643;194848650881.0;97252268312.55992
UNIMED DIVINOPOLIS - COOPERATIVA DE TRABALHO MEDICO LTDA;MG;582500629769;194166876589.66666;191784731899.69617
UNIMED DE CASCAVEL COOPERATIVA DE TRABALHO MÃDICO;PR;582298918660;194099639553.33334;166038203706.6921
UNIMED DE MACAÃ COOPERATIVA DE ASSISTÃNCIA Ã SAÃDE;RJ;566675634814;188891878271.33334;94497621973.40753
ALICE OPERADORA LTDA.;SP;564572019974;188190673324.66666;102109335729.78267
PARANÃ CLÃNICAS - PLANOS DE SAÃDE S/A;PR;545959046288;181986348762.66666;80176671732.20775
UNIMED JUNDIAI - COOPERATIVA DE TRABALHO MÃDICO;SP;544651142935;181550380978.33334;91182128731.77216
UNIMED DE VOLTA REDONDA COOPERATIVA DE TRABALHO MÃDICO;RJ;541026297642;180342099214.0;84897762367.53584
UNIMED VALE DO SINOS - COOPERATIVA DE ASSISTÃNCIA Ã SAÃDE LTDA;RS;524528162854;174842720951.33334;87190660919.96074
UNIMED CARUARU-COOPERATIVA DE TRABALHO MEDICO;PE;514709494092;171569831364.0;82011253418.63705
UNIMED NOVA IGUACU COOPERATIVA DE TRABALHO MEDICO;RJ;510257858682;170085952894.0;71390733566.5885
LEVE SAUDE OPERADORA DE PLANOS DE SAUDE S.A;RJ;506674946676;168891648892.0;87852538787.62901
UNIMED NOVA FRIBURGO-SOC.COOP.SERV.MED.HOSP.LTDA.;RJ;500086036417;166695345472.33334;74190729511.01366
UNIMED DE SANTA BÃRBARA D'OESTE E AMERICANA - COOP DE TRABALHO MÃDICO;SP;479513980223;159837993407.66666;77118440599.10219
UNIMED DE MARILIA COOPERATIVA DE TRABALHO MÃDICO;SP;469106967530;156368989176.66666;71994973840.39867
UNIMED VALE DO SÃO FRANCISCO COOPERATIVA DE TRABALHO MÃDICO;PE;462875218488;154291739496.0;73395520386.60153
UNIMED PONTA GROSSA COOPERATIVA DE TRABALHO MEDICO;PR;461990639824;153996879941.33334;69940751710.88823
METRUS INSTITUTO DE SEGURIDADE SOCIAL;SP;461545891680;153848630560.0;55665071705.86481
SAMEL PLANO DE SAÃDE LTDA;AM;451164817659;150388272553.0;75286599730.00868
SOBAM CENTRO MÃDICO HOSPITALAR S.A.;SP;450933157510;150311052503.33334;69120966166.28757
CEMIG SAÃDE;MG;435289227922;145096409307.33334;111277598123.42027
UNIMED REGIONAL DA BAIXA MOGIANA - COOPERATIVA DE TRABALHO MÃDICO;SP;432378276510;144126092170.0;66714554201.69015
MEDISERVICE OPERADORA DE PLANOS DE SAÃDE S.A.;SP;426095026644;142031675548.0;51517413077.70007
FUNDAÃÃO COPEL DE PREVIDÃNCIA E ASSISTÃNCIA SOCIAL;PR;420051460760;140017153586.66666;64679701157.16917
REAL GRANDEZA - FUNDAÃÃO DE PREVIDÃNCIA E ASSISTÃNCIA SOCIAL;RJ;413459642306;137819880768.66666;66256115076.60244
ASSOCIAÃÃO SANTA SAÃDE;SP;412100747489;137366915829.66667;60507251048.799995
CAIXA DE PREVIDÃNCIA E ASSISTÃNCIA DOS SERVIDORES DA FUNDAÃÃO NACIONAL DE SAÃDE - CAPESESP;RJ;401008481444;133669493814.66667;55888734733.05174
ASSOCIAÃÃO DE SAÃDE PORTUGUESA DE BENEFICÃNCIA;SP;398817666027;132939222009.0;66251537671.948395
FUNDAÃÃO CHESF DE ASSISTÃNCIA E SEGURIDADE SOCIAL;PE;396691053563;132230351187.66667;71145655568.2165
ASSOCIACAO DOS AUDITORES FISCAIS DA RECEITA ESTADUAL DE SAO PAULO;SP;390497490373;130165830124.33333;64584627368.429054
COOPERATIVA DE TRABALHO MÃDICO DE POUSO ALEGRE;MG;390066410424;130022136808.0;61799850597.96831
KLINI PLANOS DE SAÃDE LTDA;RJ;382543710664;127514570221.33333;64119720879.6739
UNIMED DO CEARÃ - FEDERAÃÃO DAS SOCIEDADES COOPERATIVAS MÃDICAS DO ESTADO DO CEARÃ LTDA.;CE;380606556440;126868852146.66667;63562084788.869156
HUMANA SAÃDE LTDA.;PR;370833876979;123611292326.33333;116827369083.9347
UNIMED SANTA MARIA/RS - COOPERATIVA DE ASSISTÃNCIA Ã SAÃDE LTDA;RS;358900386423;119633462141.0;54043118607.34152
UNIMED SALTO/ITU - COOPERATIVA MÃDICA;SP;350937770040;116979256680.0;55293734472.90902
UNIMED CHAPECÃ - COOPERATIVA DE TRABALHO MÃDICO DA REGIÃO OESTE CATARINENSE;SC;340214707285;113404902428.33333;56575095993.89272
UNIMED DE CRICIÃMA COOPERATIVA DE TRABALHO MÃDICO DA REGIÃO CARBONÃFERA;SC;339083114805;113027704935.0;97838948195.39087
UNIMED DE CAMPOS COOPERATIVA DE TRABALHO MÃDICO;RJ;337607919146;112535973048.66667;53266201485.207375
UNIMED PATOS DE MINAS COOPERATIVA TRABALHO MÃDICO LTDA.;MG;331559600001;110519866667.0;50740617284.83545
UNIMED SÃO CARLOS - COOPERATIVA DE TRABALHO MÃDICO;SP;330377524451;110125841483.66667;84303214421.8293
CAIXA DE ASSISTÃNCIA Ã SAÃDE - CABERJ;RJ;329659430010;109886476670.0;49874135199.66894
UNIMED RONDONOPOLIS COOPERATIVA DE TRABALHO MÃDICO LTDA;MT;327378176307;109126058769.0;50277130679.76464
ASSOCIAÃÃO SANTA CASA SAÃDE DE SÃO JOSÃ DOS CAMPOS;SP;318001083763;106000361254.33333;80735932123.06107
AMPLA PLANOS DE SAUDE LTDA;RJ;315853694023;157926847011.5;37535502038.2669
UNIMED ANHANGUERA COOPERATIVA DE TRABALHO MÃDICO;SP;311810581078;103936860359.33333;47992263396.06302
SERVIÃO SOCIAL DA INDÃSTRIA DO PAPEL, PAPELÃO E CORTIÃA DO ESTADO DE SÃO PAULO - SEPACO;SP;311741652391;103913884130.33333;51779923603.572876
UNIMED DO SUDOESTE COOPERATIVA DE TRABALHO MEDICO LTDA;BA;311611488626;103870496208.66667;46743489106.98105
INTEGRA ASSISTENCIA MEDICA SA;SP;311256396889;103752132296.33333;34435802315.690926
ALVORECER - ASSOCIAÃÃO DE SOCORROS MÃTUOS;SP;308724800050;102908266683.33333;88016500864.19897
AUSTACLINICAS ASSISTÃNCIA MÃDICA E HOSPITALAR LTDA;SP;302675719610;100891906536.66667;48896819197.06424
2CARE OPERADORA DE SAÃDE LTDA.;SP;299079130623;99693043541.0;44675610464.763016
PROMÃDICA - PROTEÃÃO MEDICA A EMPRESAS S.A.;BA;297365377069;99121792356.33333;84580553305.62308
ASSOCIAÃÃO DR. BARTHOLOMEU TACCHINI;RS;289790497411;96596832470.33333;50110246143.24059
UNIMED LESTE PAULISTA COOPERATIVA DE TRABALHO MÃDICO;SP;286171588834;95390529611.33333;44130371278.70168
UNIMED DE BOTUCATU COOPERATIVA DE TRABALHO MÃDICO;SP;285865907762;95288635920.66667;44637424659.75702
UNIMED AMPARO COOPERATIVA DE TRABALHO MÃDICO;SP;285600581048;95200193682.66667;44767143459.52414
UNIMED UBERABA COOPERATIVA DE TRABALHO MEDICO LTDA.;MG;282710014978;94236671659.33333;70789887532.23463
UNIMED SUL CAPIXABA COOPERATIVA DE TRABALHO MÃDICO;ES;282635984084;94211994694.66667;71988356657.99632
FUNDAÃÃO CELESC DE SEGURIDADE SOCIAL - CELOS;SC;280168749593;93389583197.66667;45497295082.581154
UNIMED DE LIMEIRA COOPERATIVA DE TRABALHO MÃDICO;SP;277770800120;92590266706.66667;47320906516.75469
UNIMED GOVERNADOR VALADARES COOP. DE TRABALHO MÃDICO LTDA.;MG;275335328318;91778442772.66667;91365148540.99878
UNIMED DE BEBEDOURO COOPERATIVA DE TRABALHO MÃDICO;SP;271655066278;90551688759.33333;43642411230.485374
ABERTTA SAÃDE - ASSOCIAÃÃO BENEFICENTE DOS EMPREGADOS DA ARCELORMITTAL NO BRASIL;MG;267368774217;89122924739.0;40456415604.889305
ASSOCIAÃÃO EVANGELICA BENEFICENTE DE LONDRINA;PR;266601765124;88867255041.33333;43737061313.58533
SERMED-SAÃDE LTDA.;SP;254340041926;84780013975.33333;40459021255.110146
UNIMED DE ARACATUBA - COOPERATIVA DE TRABALHO MÃDICO;SP;246601545289;82200515096.33333;35421531572.97693
UNIMED DE TUBARAO - COOPERATIVA DE TRABALHO MEDICO DA REGIAO DA AMUREL;SC;244130177626;81376725875.33333;39425641327.691895
UNIMED NOROESTE CAPIXABA COOPERATIVA DE TRABALHO MÃDICO.;ES;241506620174;80502206724.66667;38893870042.38003
IRMANDADE DA SANTA CASA DE MISERICÃRDIA DE PIRACICABA;SP;238565890605;79521963535.0;43386588585.393234
UNIMED DE ARARAQUARA - COOP. DE TRAB. MÃDICO;SP;237220214390;79073404796.66667;61048014493.99753
SÃO LUCAS SAÃDE S/A;SP;236871796873;78957265624.33333;36251089579.402405
UNIMED PATO BRANCO SOCIEDADE COOPERATIVA DE MÃDICOS;PR;231582564494;77194188164.66667;35088109259.04405
SANTA CASA DE MISERICÃRDIA DE JUIZ DE FORA;MG;229209269289;76403089763.0;36144704297.9404
UNIMED PLANALTO MÃDIO/RS - COOPERATIVA DE ASSISTÃNCIA Ã SAÃDE LTDA.;RS;228809387739;76269795913.0;34356979161.570133
FUNDAÃÃO SANEPAR DE ASSISTÃNCIA SOCIAL;PR;225977068543;75325689514.33333;27086349831.54252
UNIMED COSTA OESTE - COOPERATIVA DE TRABALHO MÃDICO;PR;222660677882;74220225960.66667;64367158162.581505
UNIMED DE RIO CLARO SP COOPERATIVA DE TRABALHO MEDICO;SP;218954309621;72984769873.66667;36443981409.17759
UNIMED NORTE DO MATO GROSSO COOPERATIVA DE TRABALHO MÃDICO;MT;213687745520;71229248506.66667;92484833288.57187
UNIMED ANÃPOLIS COOPERATIVA DE TRABALHO MÃDICO.;GO;212816428821;70938809607.0;29728264318.54044
UNIMED VARGINHA COOPERATIVA DE TRABALHO MÃDICO;MG;209758923721;69919641240.33333;29337305424.85726
UNIMED NOROESTE/RS - SOCIEDADE COOPERATIVA DE ASSISTÃNCIA Ã SAÃDE LTDA.;RS;209033793482;69677931160.66667;59665517709.3998
UNIMED DE OURINHOS - COOPERATIVA DE TRABALHO MÃDICO;SP;206301391167;68767130389.0;32479707430.58789
UNIMED RIO BRANCO COOPERATIVA DE TRABALHO MEDICO LTDA;AC;202818112239;67606037413.0;57675786389.652504
MÃTUA DOS MAGISTRADOS DO ESTADO DO RIO DE JANEIRO;RJ;201343887085;67114629028.333336;32020726641.235893
ECONOMUS INSTITUTO DE SEGURIDADE SOCIAL;SP;199945256663;66648418887.666664;33169377701.92735
PLANO DE SAÃDE DA SANTA CASA DE BRAGANÃA PAULISTA;SP;198894731383;66298243794.333336;31942979455.821045
UNIMED TEOFILO OTONI COOPERATIVA DE TRABALHO MÃDICO;MG;195991202989;65330400996.333336;28851311152.28127
UNIMED REGIONAL DE CAMPO MOURÃO COOP TRAB MEDICO;PR;194328672902;64776224300.666664;30058981020.670506
UNIMED MONTES CLAROS COOPERATIVA DE  TRABALHO MÃDICO LTDA.;MG;193092701799;64364233933.0;24149449205.437977
UNIMED ENCOSTA DA SERRA/RS SOCIEDADE COOPERATIVA DE SERVIÃOS DE SAÃDE LTDA.;RS;186141379454;62047126484.666664;29688290459.551365
UNIMED PETROPOLIS-RJ COOPERATIVA DE TRABALHO MÃDICO;RJ;185538253468;61846084489.333336;64301497782.543785
UNIMED METROPOLITANA DO AGRESTE - COOPERATIVA DE TRABALHO MÃDICO;AL;185217763721;61739254573.666664;27883176369.807415
CIRCULO OPERARIO CAXIENSE;RS;183651545158;61217181719.333336;46440601073.03135
UNIMED COSTA DO DESCOBRIMENTO COOPERATIVA DE TRABALHO MÃDICO;BA;181797920167;60599306722.333336;28435386860.744724
SELECT OPERADORA DE PLANO DE SAUDE LTDA;GO;175641460361;58547153453.666664;46253161552.9298
UNIMED NORTE CAPIXABA- COOPERATIVA DE TRABALHO MÃDICO;ES;175530192019;58510064006.333336;28661009046.516506
CAIXA DE ASSISTENCIA A SAUDE DA UNIVERSIDADE;MG;170852031634;56950677211.333336;26471312810.041157
UNIMED FRANCA - SOCIEDADE COOPERATIVA DE SERVIÃOS MÃDICOS E HOSPITALARES;SP;170628510739;56876170246.333336;73961554446.2207
ASSOCIAÃÃO ADVENTISTA NORTE BRASILEIRA DE PREVENÃÃO E ASSISTÃNCIA A SAÃDE;PA;169919123529;56639707843.0;25948683114.40977
UNIMED GUARAPUAVA COOPERATIVA DE TRABALHO MÃDICO;PR;169127270243;56375756747.666664;24944557181.251305
SIM - CAIXA DE ASSISTÃNCIA Ã SAÃDE;SC;164862438400;54954146133.333336;25356150868.617672
COOPERATIVA CENTRAL UNIMED DE COOPERATIVAS DE ASSISTÃNCIA Ã SAÃDE DO RIO GRANDE DO SUL LTDA.;RS;163685856521;54561952173.666664;70904016692.81413
ASSOCIAÃÃO DA SANTA CASA SAÃDE DE RIBEIRÃO PRETO;SP;162875725042;54291908347.333336;23928039081.56993
IRMANDADE SANTA CASA DE MISERICÃRDIA DE MARINGÃ;PR;162659753781;54219917927.0;27355367932.80227
UNIMED VALE DO CAÃ/RS - COOPERATIVA DE ASSISTÃNCIA Ã SAÃDE LTDA.;RS;161542954790;53847651596.666664;25554672872.24436
UNIMED DE ASSIS COOPERATIVA DE TRABALHO MÃDICO;SP;158431829607;52810609869.0;24116031312.925934
FUNDAÃAO COMPESA DE PREVIDENCIA E ASSISTENCIA - COMPESAPREV;PE;156696392191;52232130730.333336;23655393515.572197
ASSOCIAÃÃO SÃO FRANCISCO VIDA;SP;154467531596;51489177198.666664;25294132342.406075
UNIMED EXTREMO SUL COOPERATIVA DE TRABALHO MÃDICO;BA;152561827807;50853942602.333336;21709312267.877705
UNIMED NORTE FLUMINENSE COOPERATIVA DE TRABALHO MEDICO;RJ;150835213741;50278404580.333336;22458920536.918797
UNIMED VALE DO AÃO COOPERATIVA DE TRABALHO MÃDICO;MG;148465057056;74232528528.0;26550691019.390797
UNIMED DE PARANAGUÃ COOPERATIVA DE TRABALHO MÃDICO;PR;145797977376;48599325792.0;22291073168.73767
AMESC - ASSOCIAÃÃO MÃDICA ESPÃRITA CRISTÃ;RJ;144215163540;48071721180.0;21292517878.22574
UNIMED PALMAS COOPERATIVA DE TRABALHO MÃDICO;TO;142140992657;47380330885.666664;45286569263.972626
LUMINAR SAÃDE - ASSOCIAÃÃO DE ASSISTÃNCIA Ã SAÃDE;DF;141799577060;47266525686.666664;18033541533.877968
AMEPLAN ASSISTÃNCIA MÃDICA PLANEJADA LTDA;SP;141586028307;47195342769.0;12470789681.446041
UNIMED PELOTAS/RS - COOPERATIVA DE ASSISTÃNCIA Ã SAÃDE LTDA.;RS;140629953419;46876651139.666664;35621871929.28887
UNIMED DE DOURADOS COOPERATIVA DE TRABALHO MÃDICO LTDA;MS;140555200398;46851733466.0;35539035803.93223
UNIMED RESENDE COOPERATIVA DE TRABALHO MÃDICO;RJ;139407221523;46469073841.0;23816802282.934414
S.P.A SAUDE- SISTEMA DE PROMOÃÃO ASSISTENCIAL;SP;137147072061;45715690687.0;67882804110.66955
ASSOCIAÃÃO PADRE ALBINO SAÃDE;SP;136171741391;45390580463.666664;23199224581.72758
CAIXA ASSISTENCIAL E BENEFICENTE DOS FUNCIONÃRIOS DA ACARESC;SC;132680167244;44226722414.666664;19021959916.817467
UNIMED POÃOS DE CALDAS - SOC. COOP. DE TRAB. E SERVIÃOS MÃDICOS;MG;130931233732;43643744577.333336;37814927342.140076
UNIMED SAÃDE E ODONTO S.A;SP;130860997101;43620332367.0;21452334419.793705
UNIMED REGIONAL SUL GOIAS COOP. DE TRABALHO MÃDICO LTDA;GO;130524587579;43508195859.666664;20467273016.63454
UNIMED CURVELO COOPERATIVA DE TRABALHO MÃDICO LTDA.;MG;127475039601;42491679867.0;36397013940.21208
UNIMED OESTE DO PARÃ - COOPERATIVA DE TRABALHO MÃDICO;PA;127315584031;42438528010.333336;16886357110.145117
ASSOCIAÃÃO DOS SERVIDORES FISCAIS DO ESTADO DA BAHIA;BA;126629356205;42209785401.666664;20362416324.168407
ASSOCIAÃAO DOS FUNCIONARIOS PUBLICOS DO ESTADO DO RIO GRANDE DO SUL;RS;126331619342;42110539780.666664;15377415632.078527
SUL AMÃRICA SEGURADORA DE SAÃDE S.A.;SP;125710961735;125710961735.0;
ASSOCIAÃÃO SANTA CASA SAÃDE DE ARAÃATUBA;SP;125580442429;41860147476.333336;18735278988.89883
UNIMED CONSELHEIRO LAFAIETE COOPERATIVA DE TRABALHO MÃDICO LTDA;MG;124707833886;41569277962.0;41767542532.38516
UNIMED APUCARANA COOPERATIVA DE TRABALHO MÃDICO;PR;124562568044;41520856014.666664;18740566697.21432
ELOSAÃDE - ASSOCIAÃÃO DE ASSISTÃNCIA Ã SAÃDE;SC;124401290249;41467096749.666664;19487687817.469364
FUNDAÃÃO DE SEGURIDADE SOCIAL DA ARCELORMITTAL BRASIL - FUNSSEST;ES;124194745449;41398248483.0;15651465264.816368
UNIMED JOÃO MONLEVADE COOPERATIVA DE TRABALHO MÃDICO LTDA.;MG;121902352148;40634117382.666664;17991505176.430355
UNIMED SÃO JOÃO DEL REI - COOPERATIVA DE TRABALHO MÃDICO;MG;121587875873;40529291957.666664;17910456151.053596
UNIMED DE SÃO ROQUE - COOPERATIVA DE TRABALHO MÃDICO;SP;121032989534;40344329844.666664;35151135869.16626
AGROS - INSTITUTO UFV DE SEGURIDADE SOCIAL;MG;119658278040;39886092680.0;17724300783.437954
BENEFICENCIA CAMILIANA DO SUL;SP;118902166803;59451083401.5;75336464600.31073
CAIXA DE ASSISTÃNCIA DOS EMPREGADOS DA SANEAGO;GO;118774784287;39591594762.333336;17482088354.173187
IRMANDADE DA SANTA CASA DE MISERICÃRDIA DE RIO CLARO;SP;118736989837;39578996612.333336;34810096836.63868
GOCARE PLANOS DE SAUDE LTDA;SP;118238535579;39412845193.0;13999234668.023754
CAIXA DE ASSISTÃNCIA DOS SERVIDORES FAZENDÃRIOS ESTADUAIS;CE;117645097832;39215032610.666664;18242053791.21408
UNIMED PARÃ DE MINAS COOPERATIVA DE TRABALHO MÃDICO LTDA.;MG;116549770914;38849923638.0;17991385542.282696
UNIMED FRONTEIRA NOROESTE/RS - COOPERATIVA DE ASSISTÃNCIA Ã SAÃDE LTDA.;RS;115485329606;38495109868.666664;17508550485.946026
UNIMED DE PARANAVAÃ COOPERATIVA DE TRABALHO MÃDICO;PR;115030930263;38343643421.0;32823346279.46709
UNIMED BARRA DO GARÃAS - COOPERATIVA DE TRABALHO MÃDICO;MT;113015892748;37671964249.333336;37170862911.2389
ASSOCIAÃÃO BENEFICENTE DOS PROFESSORES PÃBLICOS ATIVOS E INATIVOS DO RIO DE JANEIRO - APPAI;RJ;112276484746;37425494915.333336;37706850221.299835
UNIMED ERECHIM - COOPERATIVA DE SERVIÃOS DE SAÃDE LTDA.;RS;111861626838;37287208946.0;17160875766.650404
UNIMED ITAJUBA COOPERATIVA DE TRABALHO MEDICO;MG;110471551832;36823850610.666664;19012959065.177498
UNIMED BARBACENA - COOPERATIVA DE TRABALHO MÃDICO LTDA;MG;107882023528;35960674509.333336;17615768691.840492
SUL AMÃRICA ODONTOLÃGICO S/A;SP;107706377634;35902125878.0;15329741841.858566
UNIMED CENTRO SUL FLUMINENSE COOPERATIVA DE TRABALHO MÃDICO;RJ;107320772052;35773590684.0;17557667883.21337
NOVA SAÃDE OPERADORA INTEGRADA DE SAÃDE LTDA;RJ;106983255227;35661085075.666664;20067035113.64389
ESMALE ASSISTENCIA INTERNACIONAL DE SAUDE LTDA.;AL;105745606950;35248535650.0;14230419062.405827
UNIMED DE BARRA MANSA SOC. COOP. SERV.MED.E HOSPIT.;RJ;105459512307;35153170769.0;35831883954.279335
CAIXA DE ASSISTÃNCIA DOS EMPREGADOS DO SISTEMA FINANCEIRO BANESTES;ES;104707707442;34902569147.333336;14782737837.074476
UNIMED ARAGUARI COOPERATIVA DE TRABALHO MÃDICO;MG;104465896100;34821965366.666664;15654373611.756596
PARANA ASSISTENCIA MEDICA LTDA;PR;103764939090;34588313030.0;15256101923.003885
UNIMED DE LINS - COOPERATIVA DE TRABALHOS MÃDICOS;SP;103368460783;34456153594.333336;14698538132.053566
VIVACOM PLANOS DE SAÃDE;GO;103226915999;34408971999.666664;15370742323.980072
UNIMED NOROESTE DO PARANÃ COOP DE TRABALHO MÃDICO .;PR;102593300641;34197766880.333332;16539738976.840187
AMHE MED ASSISTENCIA A SAUDE LTDA - EPP;SP;100340867331;33446955777.0;25136003978.052525
UNIMED DE CAÃAPAVA - COOPERATIVA DE TRABALHO MEDICO;SP;98413760299;32804586766.333332;28203382557.78052
UNIMED EXTREMO OESTE CATARINENSE COOPERATIVA DE TRABALHO MÃDICO;SC;98171377464;32723792488.0;14190944585.179983
IRMANDADE DA SANTA CASA DE MISERICORDIA DE LIMEIRA;SP;97037588753;32345862917.666668;16180140500.57128
PLAMED PLANO DE ASSISTENCIA MEDICA LTDA;SE;96563418094;32187806031.333332;15670778396.726585
UNIMED NORTE PIONEIRO - COOPERATIVA DE TRABALHO MÃDICO;PR;95354389260;31784796420.0;14960060452.884945
UNIMED MURIAÃ COOPERATIVA DE TRABALHO MEDICO LTDA;MG;95151423562;31717141187.333332;14563887123.051561
DENTAL UNI - COOPERATIVA ODONTOLÃGICA;PR;94717434500;31572478166.666668;15309936091.734066
FUNDACAO LEONOR DE BARROS CAMARGO;SP;94392907619;31464302539.666668;14693635318.250135
UNIMED DE CATANDUVA - COOPERATIVA DE TRABALHO MÃDICO;SP;93593713059;31197904353.0;23091680035.63939
SULMED - ASSISTÃNCIA MÃDICA LTDA;RS;90175291585;30058430528.333332;14601463628.635641
UNIMED ALTA MOGIANA COOPERATIVA DE TRABALHO MÃDICO;SP;89196623313;29732207771.0;14627904862.639847
UNIMED VALE DAS ANTAS, RS - COOPERATIVA DE ASSISTÃNCIA Ã SAÃDE LTDA.;RS;89148481710;29716160570.0;10171571078.949095
GARANTIA DE SAÃDE LTDA;SP;88661314149;29553771383.0;25166177717.254036
BEST SENIOR OPERADORA DE SAÃDE LTDA;ES;87506690702;29168896900.666668;17485996754.889603
UNIMED DE JABOTICABAL COOP. DE TRABALHO MÃDICO;SP;87398880411;29132960137.0;29690182805.114124
PRONTOMED PLANOS DE SAÃDE LTDA;MG;86392192326;28797397442.0;12873652077.731253
MATÃO CLINICAS & AMHMA SAÃDE LTDA;SP;85795853640;28598617880.0;13230800732.333258
ASSOCIAÃÃO DE SAÃDE DO VALE;SC;85037886794;28345962264.666668;14116333553.696642
ASSISTÃNCIA MÃDICA SÃO MIGUEL LTDA;SP;84941318527;28313772842.333332;28834579586.622078
UNIMED ITABIRA COOPERATIVA DE TRABALHO MÃDICO;MG;83113337310;27704445770.0;27295144563.825756
UNIMED DE GUARULHOS COOPERATIVA DE TRABALHO MÃDICO;SP;82847941911;27615980637.0;24626308526.07004
UNIMED INCONFIDENTES COOPERATIVA DE TRABALHO MÃDICO LTDA.;MG;82805718464;27601906154.666668;21302379000.744915
ASSOCIAÃÃO DE SAÃDE DOS FORNECEDORES DE CANA DE PIRACICABA E REGIÃO;SP;82556792417;27518930805.666668;14703899323.068434
SAMI ASSISTÃNCIA MÃDICA LTDA;SP;82424264189;27474754729.666668;26179474548.65155
UNIMED ARAXÃ COOPERATIVA DE TRABALHO MÃDICO LTDA.;MG;82179304662;27393101554.0;27276851760.935944
UNIMED SÃO LOURENÃO COOPERATIVA DE TRABALHO MÃDICO;MG;82082360664;27360786888.0;12361184510.118027
UNIMED ITAÃNA COOPERATIVA DE TRABALHO MÃDICO LTDA.;MG;81736503968;27245501322.666668;11803050327.959932
ASSOCIAÃÃO MINEIRA DE ASSISTÃNCIA Ã SAÃDE DOS MEMBROS DO MINISTÃRIO PÃBLICO;MG;81381101804;27127033934.666668;13547317096.554274
FEDERAÃÃO DAS SOCIEDADES COOPERATIVAS DE TRABALHO MÃDICO DO ACRE, AMAPÃ, AMAZONAS, PARÃ, RONDONIA E RORAIMA;AM;81129577653;81129577653.0;
ASSOCIAÃÃO DO PLANO DE SAÃDE DA SANTA CASA DE MISERICÃRDIA DE ITABUNA - PLANSUL;BA;81082666019;27027555339.666668;11735702734.891926
UNIMED ITUIUTABA COOPERATIVA TRABALHO MÃDICO LTDA.;MG;79165291713;26388430571.0;11884412977.591969
PLADISA PLANOS DE SAÃDE SA;SC;78913190289;26304396763.0;11585711600.081467
SANTA CASA DE MISERICORDIA DE SAO JOAQUIM DA BARRA;SP;78301525715;26100508571.666668;12917825432.671164
UNIMED LAVRAS COOPERATIVA DE TRABALHO MÃDICO;MG;77952038737;25984012912.333332;22396619227.94257
UNIMED GUAXUPÃ COOPERATIVA DE TRABALHO MEDICO;MG;77897040312;25965680104.0;11843625748.052322
UNIMED ALTO DA SERRA - SOCIEDADE COOPERATIVA DE SERVIÃO MÃDICO LTDA.;RS;77390680941;25796893647.0;11430095341.434828
UNIMED NORTE PAULISTA - COOPERATIVA DE TRABALHO MÃDICO;SP;76786401699;25595467233.0;11598087195.694073
COOPERATIVA DE TRABALHO MEDICO REGIÃO DO PLANALTO SERRANO;SC;76768316501;25589438833.666668;12170226067.927979
AMAZÃNIA PLANOS DE SAÃDE LTDA;PA;76722802959;25574267653.0;11647823846.685152
UNIMED RIO VERDE COOPERATIVA TRABALHO MEDICO;GO;76170734441;25390244813.666668;23748552296.27776
COOPERATIVA DE TRABALHO MÃDICO DO PLANALTO NORTE DE SANTA CATARINA LTDA;SC;76103368305;25367789435.0;11372311809.487541
SAÃDE BRASIL ASSISTÃNCIA MÃDICA LTDA.;SP;75809556727;25269852242.333332;13497377569.769533
ASSOCIAÃÃO SÃO LUIZ SAÃDE;SP;75604865719;25201621906.333332;10204531442.410263
CAIXA DE ASSISTÃNCIA Ã SAÃDE DO SINDICATO DOS FUNCIONÃRIOS INTEGRANTES DO GRUPO OCUPACIONAL ADMINISTRAÃÃO TRIBUTÃRIA DO ESTADO DE PERNAMBUCO;PE;74225418458;24741806152.666668;12793574786.018093
AMHA SAUDE S/A;SP;73200626771;24400208923.666668;11695896916.449846
COOPERATIVA DE TRABALHO MEDICO DE ARAGUAÃNA - UNIMED ARAGUAÃNA;TO;73022283880;24340761293.333332;10351569907.818254
UNIMED MISSÃES/RS - COOPERATIVA DE ASSISTÃNCIA Ã SAÃDE LTDA.;RS;72450049052;24150016350.666668;35875411953.29043
UNIMED DE TAUBATÃ COOPERATIVA DE TRABALHO MÃDICO;SP;72429316732;24143105577.333332;9069618549.328121
UNIMED DE BIRIGUI - COOPERATIVA DE TRABALHO MÃDICO;SP;72118274594;24039424864.666668;11259516181.377586
ASSOCIAÃÃO SAÃDE SÃO JOSÃ;SC;71459612754;23819870918.0;10663998324.422916
UNIMED DE BARRETOS COOPERATIVA DE TRABALHO MÃDICO;SP;71190429598;23730143199.333332;10713654763.726704
UNIMED OESTE DO PARANA - COOPERATIVA DE TRABALHO MEDICO;PR;69365260442;23121753480.666668;17271443845.210934
UNITY SERVIÃOS INTEGRADOS DE SAÃDE LTDA.;DF;69283499035;23094499678.333332;12363908585.923824
UNIMED DE AVARÃ COOPERATIVA DE TRABALHO MÃDICO;SP;67951283936;22650427978.666668;10509515639.304707
UNIMED DE GUARATINGUETA-COOPERATIVA DE TRABALHO MÃDICO;SP;67754446702;22584815567.333332;22197464307.524506
UNIMED DE LORENA COOPERATIVA DE TRABALHO MÃDICO;SP;67679791942;22559930647.333332;9898347080.102743
UNIMED DE PINDAMONHANGABA - COOPERATIVA TRABALHO MEDICO;SP;67365897421;22455299140.333332;19027779551.60218
UNIMED COSTA VERDE RJ;RJ;67318730990;22439576996.666668;18648402982.66177
IRMANDADE DE MISERICÃRDIA DO HOSPITAL DA SANTA CASA DE MONTE ALTO;SP;65876467162;21958822387.333332;10863235658.732803
ANAFE SAUDE;GO;65733965697;21911321899.0;10296064049.431673
PREVIDENT ASSISTÃNCIA ODONTOLÃGICA S.A;SP;64149700178;21383233392.666668;6707978980.915167
CAIXA DE ASSISTÃNCIA AOS MEMBROS DA DEFENSORIA PÃBLICA DO ESTADO DO RIO DE JANEIRO;RJ;63911414165;21303804721.666668;10059091492.728708
ASSOCIAÃÃO POLICIAL DE ASSISTÃNCIA Ã SAÃDE;SP;63701419914;7077935546.0;8368089289.416738
FUNDAÃÃO LIBERTAS DE SEGURIDADE SOCIAL;MG;63621959417;21207319805.666668;18122737664.7631
UNIMED DE CAPIVARI -COOPERATIVA DE TRABALHO MÃDICO;SP;63033904475;21011301491.666668;9610718213.364727
UNIMED VERTENTE DO CAPARAÃ - COOPERATIVA DE TRABALHO MÃDICO LTDA;MG;61662217560;20554072520.0;7276824130.758837
IRMANDADE DE MISERICORDIA DE PORTO FERREIRA;SP;60267880090;20089293363.333332;10199150159.976784
UNIMED-RIO COOPERATIVA DE TRABALHO MEDICO DO RIO DE JANEIRO;RJ;60020112212;60020112212.0;
UNIMED SETE LAGOAS COOPERATIVA TRABALHO MÃDICO;MG;59952996962;29976498481.0;38209370036.95929
UNIMED CABO FRIO COOPERATIVA TRABALHO MÃDICO LTDA.;RJ;59369813491;19789937830.333332;14685548005.678497
UNIMED DE LENÃOIS PAULISTA - COOPERATIVA DE TRABALHO MÃDICO;SP;58794192147;19598064049.0;15038988181.33008
UNIMED VIÃOSA - COOPERATIVA DE TRABALHO MÃDICO;MG;57202607268;19067535756.0;9041857931.856668
UNIODONTO DE CAMPINAS COOPERATIVA ODONTOLÃGICA;SP;57176092429;19058697476.333332;14738870305.75621
UNIMED CATAGUASES COOPERATIVA DE TRABALHO MÃDICO LTDA;MG;57134666454;19044888818.0;8492994194.599174
UNIMED DE TUPA COOPERATIVA DE TRABALHO MÃDICO;SP;56671246024;18890415341.333332;8897138594.04115
OPERADORA DE PLANOS PRIVADOS DE SAÃDE - SANTA CASA SAÃDE LTDA;MS;56268081814;18756027271.333332;8648211606.285042
SANTA CASA DE MISERICÃRDIA DE VOTUPORANGA;SP;55543625262;18514541754.0;8332120715.9152
UNIMED NOROESTE FLUMINENSE - COOPERATIVA DE TRABALHO MÃDICO LTDA;RJ;55489389267;18496463089.0;17825378639.164494
UNIMED SÃO SEBASTIÃO DO PARAÃSO COOPERATIVA DE TRABALHO MÃDICO;MG;55365747545;18455249181.666668;8230282945.738483
INTERMEDICI PIRACICABA ASSISTENCIA MEDICA LTDA;SP;54938623769;18312874589.666668;8919739355.69225
UNIMED DE MINEIROS COOPERATIVA DE TRABALHO MÃDICO;GO;54337965708;18112655236.0;8313296369.1883955
UNIMED TRÃS CORAÃÃES COOPERATIVA DE TRABALHO MÃDICO LTDA.;MG;53700812688;17900270896.0;8436906922.571073
ASSOCIAÃÃO MAIS SAÃDE SANTA CASA DE SÃO JOÃO DA BOA VISTA;SP;53021547850;17673849283.333332;18555425830.685143
TEMPO MED PLANO DE SAUDE LTDA;SC;52379214393;17459738131.0;13056237974.93606
UNIODONTO DE SÃO JOSÃ DOS CAMPOS COOPERATIVA DE TRABALHO ODONTOLÃGICO;SP;51871363246;17290454415.333332;8202952245.5981865
ASSOCIAÃÃO PARANAENSE DE ASSISTÃNCIA Ã SAUDE DOS MEMBROS DO MINISTERIO PUBLICO DO PARANÃ;PR;50272275153;16757425051.0;7486474795.86559
FUNDAÃÃO FILANTRÃPICA E BENEFICENTE DE SAÃDE ARNALDO GAVAZZA FILHO;MG;49991704121;16663901373.666666;7930155494.500414
UNIMED PATROCÃNIO COOPERATIVA DE TRABALHO MÃDICO LTDA.;MG;49823342365;16607780788.333334;16548571667.862865
ÃNICA ASSISTENCIA MEDICA LTDA;SP;48439181535;16146393845.0;15594484154.743015
UNIMED VALE DO PIQUIRI-COOPERATIVA DE TRABALHO MÃDICO VALE DO PIQUIRI;PR;48022939805;16007646601.666666;7702307200.662113
BRASILDENTAL OPERADORA DE PLANOS ODONTOLÃGICOS S.A.;SP;47931792196;15977264065.333334;13794433194.761297
UNIMED SUL PAULISTA - COOPERATIVA DE TRABALHO MÃDICO;SP;46156311004;15385437001.333334;22954144075.04493
AMPARA ASSISTÃNCIA MÃDICA PARAÃSO LTDA;MG;45496229867;15165409955.666666;6732601843.995358
CAIXA DE ASSISTÃNCIA DOS EMPREGADOS DO BANEB;BA;44583975727;14861325242.333334;4468565573.969896
UNIMED REGIÃO DA CAMPANHA/RS - COOPERATIVA DE ASSISTÃNCIA Ã SAÃDE LTDA.;RS;44566934572;14855644857.333334;6927326669.192295
UNIMED CARATINGA - COOPERATIVA DE TRABALHO MÃDICO LTDA;MG;44076077804;14692025934.666666;12434388750.140314
FUNDAÃÃO FIAT SAÃDE E BEM ESTAR;MG;44050101088;14683367029.333334;5730580654.569049
UNIMED NORTE DO PARANÃ COOPERATIVA REGIONAL DE TRABALHO MÃDICO;PR;43770562379;14590187459.666666;14429754740.60881
SAMOC S.A. - SOCIEDADE ASSISTENCIAL MÃDICA E ODONTO CIRÃRGICA;RJ;43636966001;14545655333.666666;21618124640.846615
ELETROS SAÃDE - ASSOCIAÃÃO DE ASSISTÃNCIA Ã SAÃDE;RJ;43507228996;14502409665.333334;21871566522.46252
UNIMED DE SAO JOSÃ DO RIO PARDO-COOP. DE TRAB. MÃDICO;SP;43188140657;14396046885.666666;7211411414.040021
SUPERMED ADMINISTRADORA DE BENEFÃCIOS LTDA.;RJ;42693123768;14231041256.0;7763870998.014155
UNIMED NOROESTE DE MINAS COOPERATIVA DE TRABALHO MEDICO LTDA;MG;42428048519;14142682839.666666;12310845152.835533
UNIMED DE REGISTRO COOPERATIVA DE TRABALHO MÃDICO;SP;42342231360;14114077120.0;5501666259.833455
ASSOCIAÃÃO PLANO DE SAÃDE SANTA CASA DE VALINHOS;SP;42332636554;14110878851.333334;6282120764.423641
FUNDAÃÃO DE ASSISTÃNCIA Ã SAÃDE DA ASSOCIAÃÃO DO MINISTÃRIO PÃBLICO DO RIO GRANDE DO SUL;RS;41501739461;13833913153.666666;7397982369.245472
UNIMED LEOPOLDINA COOPERATIVA DE TRABALHO MÃDICO LTDA;MG;41129851464;13709950488.0;7453045240.319578
UNIMED PLANALTO CENTRAL/RS - COOPERATIVA DE ASSISTÃNCIA  Ã SAÃDE LTDA.;RS;40735864533;13578621511.0;11781702768.230421
INSTITUIÃÃO BENEFICENTE CEL MASSOT - IBCM;RS;40373693652;13457897884.0;9985623823.798176
UNIMED SUDOESTE DE MINAS COOPERATIVA DE TRABALHO MÃDICO;MG;40070581473;13356860491.0;6905389968.873112
PLAMER PLANO MEDICO RESENDE LTDA;RJ;39701560731;13233853577.0;5159727101.807442
UNIMED DE DRACENA - COOPERATIVA DE TRABALHO MÃDICO;SP;39586654872;13195551624.0;6337196437.964338
UNIMED VALE DO JAURU COOPERATIVA DE TRABALHO MÃDICO;MT;39173554775;13057851591.666666;9945626669.79107
UNIMED DE MONTE ALTO - COOPERATIVA DE TRABALHO MÃDICO;SP;38773889759;12924629919.666666;6033317477.338013
ASSOCIAÃÃO FCA SAÃDE;MG;38208180282;12736060094.0;4836290032.021807
ASSOCIACAO DOS PROFESSORES UNIVERSITÃRIOS DA BAHIA;BA;37959058068;12653019356.0;5529377036.126617
UNIMED TRÃS PONTAS - COOPERATIVA DE TRABALHO MÃDICO;MG;36939558092;12313186030.666666;5808467756.644773
PB ASSISTENCIA MEDICA EU LTDA;BA;36526889553;12175629851.0;6639071656.418175
UNIX SAÃDE S.A;BA;36496510589;12165503529.666666;5024621915.825165
ASSOCIAÃÃO DOS SERVIDORES MUNICIPAIS, ESTADUAIS E FEDERAIS DO RIO DE JANEIRO;RJ;36386387594;12128795864.666666;3492388265.8184004
UNIMED REGIÃO DA FRONTEIRA - RS COOPERATIVA DE ASSISTÃNCIA Ã SAÃDE LTDA.;RS;35968951105;11989650368.333334;5433508154.86039
CAIXA DE ASSISTÃNCIA DOS EMPREGADOS DO BANESE;SE;35839727458;11946575819.333334;4814637843.188793
TRINO - ALIANCA FILANTRÃPICA DE ASSISTÃNCIA E INTEGRAÃÃO PARA O DESENVOLVIMENTO DA SAUDE;ES;34950183588;11650061196.0;5727274369.338115
ASSOCIAÃÃO DOS EMPREGADOS DA COMPANHIA ESTADUAL DE HABITAÃÃO E OBRAS PÃBLICAS - ASSEC;SE;34749281587;11583093862.333334;5121791760.326062
ATÃVIA SERVIÃOS DE SAÃDE S/A;SP;34513769626;17256884813.0;3510693635.0325975
PRONTOCLINICA E HOSPITAIS SAO LUCAS S/A;MG;34492690934;11497563644.666666;10271555010.642101
UNIMED REGIONAL DE FLORIANO - COOPERATIVA DE TRABALHO MÃDICO;PI;34475869692;11491956564.0;5155583626.989833
ASSOCIAÃÃO DOS AUDITORES FISCAIS DA RECEITA ESTADUAL DO RIO DE JANEIRO;RJ;34187576699;11395858899.666666;4609150644.105164
ASSOCIAÃÃO SANTA CASA CLÃNICAS DE BIRIGUI;SP;34135712565;11378570855.0;5330797211.428894
UNIMED SUDOESTE PAULISTA COOPERATIVA DE TRABALHO MÃDICO;SP;33993109696;11331036565.333334;4883370744.169662
UNIODONTO BELÃM - COOPERATIVA DE ASSISTÃNCIA Ã SAÃDE ODONTOLÃGICA;PA;33736120099;11245373366.333334;5574646745.479055
IRMANDADE DA SANTA CASA DE MISERICÃRDIA DE PASSOS;MG;33181942492;11060647497.333334;8379715206.684513
ASSOCIAÃÃO POLICIAL DE ASSISTÃNCIA Ã SAÃDE DE ARAÃATUBA (APAS);SP;32645039643;10881679881.0;4291996719.963911
UNIMED DO BRASIL - CONF. NACIONAL DAS COOPERATIVAS MÃDICAS;SP;32404160970;10801386990.0;104762676.12006713
PESSOAL SAÃDE PLANOS DE ASSISTÃNCIA MÃDICA LTDA;SP;31902608377;10634202792.333334;4681074818.112829
UNIMED DE UBA COOPERATIVA DE TRABALHO MEDICO;MG;30993319238;10331106412.666666;7794956473.220436
CAIXA DE ASSISTÃNCIA DOS MAGISTRADOS DE PERNAMBUCO;PE;30265735227;10088578409.0;7945023989.327106
MAIS SAUDE S/A;ES;30226791216;15113395608.0;8180049491.66798
SANTA CASA DE MISERICORDIA HOSPITAL SÃO VICENTE;SP;30018281642;10006093880.666666;4943792940.725269
UNIODONTO DE FORTALEZA COOPERATIVA DE TRABALHO ODONTOLOGICO LTDA;CE;29559413598;9853137866.0;4554352885.805353
AME VVIDA PLANOS DE SAUDE INTEGRADO LTDA.;RO;29480494373;9826831457.666666;4137219760.370115
CONFERÃNCIA SÃO JOSÃ DO AVAÃ;RJ;29378821798;9792940599.333334;7651741076.179135
SOCIEDADE PORTUGUESA DE BENEFICÃNCIA;RS;28600077573;9533359191.0;4039976691.899782
UNIMED DE JATAÃ COOPERATIVA DE TRABALHO MÃDICO LTDA.;GO;28111983427;9370661142.333334;4207277143.403025
UNIMED ALFENAS COOPERATIVA DE TRABALHO MEDICO;MG;27462966357;9154322119.0;6824751230.285696
ASSOCIAÃÃO POLICIAL DE ASSISTÃNCIA Ã SAÃDE DE RIBEIRÃO PRETO (APAS);SP;27116095015;9038698338.333334;8827404194.059374
UNIMED DO OESTE DA BAHIA COOPERATIVA DE TRABALHO MÃDICO;BA;26766223495;8922074498.333334;3170007976.1148915
SANTA CASA DE SAÃDE - SCS;ES;25792730562;8597576854.0;3896366429.2906623
UNIODONTO PORTO ALEGRE COOPERATIVA ODONTOLOGICA LTDA;RS;25725730194;8575243398.0;4868612162.787727
UNIODONTO MACEIÃ COOPERATIVA ODONTOLÃGICA;AL;25123913947;8374637982.333333;3993785607.376245
AMERON - ASSISTÃNCIA MÃDICA RONDÃNIA S/A. - EM LIQUIDAÃÃO EXTRAJUDICIAL;RO;24747476926;8249158975.333333;198139049.2137279
AURORA SAÃDE LTDA;MG;24624463222;8208154407.333333;4465958290.855744
DESBAN - FUNDAÃÃO BDMG DE SEGURIDADE SOCIAL;MG;24427783647;8142594549.0;3529616286.0038853
UNIODONTO PIRACICABA - COOPERATIVA ODONTOLÃGICA;SP;24004333484;8001444494.666667;3920013690.6634355
ATITUDE SAÃDE ASSISTÃNCIA MEDICA LTDA;BA;23879590949;7959863649.666667;4235017807.078141
UNIMED VALE DO CARANGOLA COOPERATIVA DE TRABALHO MEDICO LTDA;MG;22909436359;7636478786.333333;3535103126.254284
UNIMED SÃO JOÃO NEPOMUCENO COOPERATIVA DE TRABALHO MÃDICO LTDA.;MG;22640502194;7546834064.666667;3523426637.846074
SOCIEDADE BENEFICENTE DEZOITO DE JULHO;MG;22469002411;7489667470.333333;5610080341.688011
VIDA TOP MAIS SAÃDE OPERADORA DE PLANOS DE SAÃDE LTDA.;SP;21518320229;7172773409.666667;3687037163.882938
ON MED ASSISTÃNCIA MÃDICA LTDA;RS;21012859225;7004286408.333333;4844396095.278459
HOSPITAL DE PRONTOCLINICA LTDA.;RS;20842749005;6947583001.666667;5849926533.96192
COOPERATIVA DOS USUÃRIOS DE SERVIÃOS DE SAÃDE DO VALE DO RIO DOS SINOS LTDA;RS;20631829251;6877276417.0;3051651130.386483
RIO DOCE SAÃDE;ES;20375338408;6791779469.333333;3234918027.2604423
IRMANDADE DA SANTA CASA DE MISERICÃRDIA E MATERNIDADE DONA ZILDA SALVAGNI;SP;19933374638;6644458212.666667;9859296450.648344
UNIODONTO REGIONAL COOPERATIVA ODONTOLOGICA;MG;19541078321;6513692773.666667;6794351961.520118
UNIMED ALTO SÃO FRANCISCO COOPERATIVA DE TRABALHO MÃDICO;MG;18619396401;6206465467.0;5724021956.4148445
SUL DO PARÃ LTDA;PA;18466588138;6155529379.333333;4892245606.136587
R.M.I. OPERADORA DE SAÃDE INTEGRADA LTDA;SP;18188481489;9094240744.5;2521129546.386983
UNIODONTO DE JOÃO PESSOA COOPERATIVA ODONTOLÃGICA;PB;17633811596;5877937198.666667;2484160334.8609033
UNIMED REGIONAL DE PICOS - COOPERATIVA DE TRABALHO MÃDICO;PI;17567264765;5855754921.666667;2661320031.3953633
TOTAL ASSISTÃNCIA MÃDICA HOSPITALAR LTDA;MG;17260821316;5753607105.333333;3013079002.5152607
FUNDAÃÃO PLAMHUV - PLANO MÃDICO HOSPITALAR DOS HOSPITAIS UNIDOS DE VIÃOSA;MG;16952556025;5650852008.333333;2734042742.295331
OPLAN SAÃDE OPERADORA DE PLANO DE SAÃDE LTDA;RJ;16754346938;5584782312.666667;2892036191.407721
ASSOCIAÃAO UNISAUDE MARAU;RS;16412478014;5470826004.666667;4573394793.427462
UNIODONTO DO BRASIL CENTRAL NACIONAL DAS COOPERATIVAS ODONTÃLOGICAS;SP;16302394177;5434131392.333333;2977406272.4083433
UNIMED SOUSA - COOPERATIVA DE TRABALHO MÃDICO;PB;16189677553;5396559184.333333;2168505214.043527
UNIODONTO PAULISTA-FEDERAÃÃO DAS COOPERATIVAS ODONTOLÃGICAS DO ESTADO DE SÃO PAULO;SP;16133324344;5377774781.333333;2636235818.431499
UNIMED ALTO JACUÃ/RS - COOPERATIVA DE ASSISTÃNCIA Ã SAÃDE LTDA;RS;16110937844;5370312614.666667;4016665008.5730195
MEDGOLD ASSISTENCIA MEDICA LTDA - ME;MG;16037126443;5345708814.333333;1813870379.2817209
PORTOMED - PORTO SEGURO SERVIÃOS DE SAUDE LTDA;SP;14751093589;4917031196.333333;4330944030.507196
ODONTO EMPRESAS CONVENIOS DENTARIOS LTDA.;SP;14735939128;4911979709.333333;3595128226.5796347
UNIODONTO DE MANAUS - COOPERATIVA ODONTOLÃGICA LTDA.;AM;14384262384;4794754128.0;2179373333.328967
UNIMED DE BATATAIS - COOPERATIVA DE TRABALHO MÃDICO;SP;14369299907;4789766635.666667;1907169208.973822
CAIXA DE ASSISTÃNCIA Ã SAÃDE DOS TRABALHADORES NAS INDÃSTRIAS METALÃRGICAS, MECÃNICAS E DO MATERIAL ELÃTRICO DE BRUSQUE;SC;14179778304;4726592768.0;2153761279.220363
UNIMED MACHADO COOPERATIVA DE TRABALHO MEDICO;MG;14052458752;4684152917.333333;3479206502.564945
ASSOCIACAO DE SAUDE HOLAMBRA;SP;14032674737;4677558245.666667;2489633174.1801023
AME-ASSISTÃNCIA MÃDICA A EMPRESAS LTDA;MG;13659953236;4553317745.333333;1789722890.9774969
UNIMED CAMPO BELO- COOPERATIVA DE TRABALHO MÃDICO;MG;12904786446;4301595482.0;3604826542.818918
ASSOCIAÃÃO POLICIAL DE ASSISTENCIA Ã SAUDE DE SAO JOAO DA BOA VISTA;SP;12450305687;4150101895.6666665;1967637981.6352909
SISTEMA TOTAL DE SAÃDE LTDA.;SP;11674826761;3891608920.3333335;3288654686.3503776
VOCÃ TOTAL PLANOS DE SAÃDE LIMITADA;SP;11605082629;3868360876.3333335;3026637729.855465
ODONTO SEG OPERADORA DE PLANOS ODONTOLOGICOS S.A.;SP;11460868303;3820289434.3333335;3852179444.8047166
COMSEDER - COOPERATIVA DE ASSISTÃNCIA MÃDICA DOS SERVIDORES DA SUPLAN E DO DER LTDA;PB;11381562854;3793854284.6666665;1544209493.7709167
ASSOCIACAO POLICIAL DE ASSISTENCIA A SAUDE DE ITAPETININGA;SP;11271540801;3757180267.0;1610775304.8271813
UNIODONTO UBERABA - COOPERATIVA DE ASSISTÃNCIA Ã SAÃDE ODONTOLÃGICA LTDA;MG;10874631493;3624877164.3333335;1786214884.1828537
S1 OPERADORA DE PLANO DE SAÃDE LTDA;DF;10641994670;3547331556.6666665;1729228167.0679424
ASSOCIACAO CIVIL PRÃ-SAÃDE DOS SERVIDORES DA UNIVERSIDADE ESTADUAL DE PONTA GROSSA;PR;10515659180;3505219726.6666665;1653015606.6510098
DONA SAÃDE CLINICAS LTDA;SP;10395636205;3465212068.3333335;507404842.3750128
UNIODONTO DE AMERICANA COOPERATIVA ODONTOLÃGICA;SP;10316128283;3438709427.6666665;2968326090.7216744
TELOS - FUNDAÃÃO EMBRATEL DE SEGURIDADE SOCIAL;RJ;9601818246;3200606082.0;1875561325.5917773
ASSOCIAÃÃO DO FISCO DE ALAGOAS;AL;9442605514;3147535171.3333335;2264409025.85352
UNIODONTO DE SOROCABA COOPERATIVA ODONTOLÃGICA;SP;8998225590;2999408530.0;1552212447.0441463
ASSOCIAÃÃO BENEFICENTE CATÃLICA;MG;8836110394;2945370131.3333335;2166553103.4815946
PERSONAL CARE OPERADORA DE SAÃDE SA;SP;8799987950;4399993975.0;1430994030.7771587
CARING SAÃDE ASSISTÃNCIA MÃDICA LTDA.;RJ;8796438858;2932146286.0;1385202691.4953237
PRONTO SOCORRO CONDE DE MOREIRA LIMA;SP;8746403909;2915467969.6666665;2838235424.334179
ASSOCIAÃÃO UNIVIDA SANTA RITA DO PASSA QUATRO;SP;8735347675;2911782558.3333335;2490112983.6332912
AFFIX ADMINISTRADORA DE BENEFÃCIOS LTDA;SP;8652352852;2884117617.3333335;2747545878.4059153
UNIODONTO DE ARARAQUARA COOPERATIVA ODONTOLÃGICA;SP;8586817468;2862272489.3333335;1408579232.2130451
ASSOCIAÃÃO POLICIAL DE ASSISTÃNCIA Ã SAÃDE DE BARRETOS;SP;8465189158;2821729719.3333335;1255919359.5503876
CAIXA BENEFICENTE DOS FUNCIONÃRIOS DO GRUPO IGUAÃU;PR;8338578041;2779526013.6666665;1084352128.0559576
UNIODONTO DE JUNDIAÃ COOPERATIVA ODONTOLÃGICA;SP;8334348120;2778116040.0;1214459894.2012682
DENTAL CENTER LTDA;PB;7551091082;2517030360.6666665;1146869879.4855065
SD-M OPERADORA DE PLANOS DE SAUDE LTDA;RJ;7488521855;2496173951.6666665;1128092492.8221867
SAMIG - SERV. DE ASSISTENCIA MEDICA DA ILHA DO GOVERNADOR LTDA;RJ;7447098790;2482366263.3333335;479206960.550186
PLAMESC PLANOS DE SAÃDE LTDA;RJ;7174411180;2391470393.3333335;1743312777.3160605
PORTO ALEGRE CLÃNICAS LTDA. - EM LIQUIDAÃÃO EXTRAJUDICIAL;RS;7137962316;7137962316.0;
SANTA CASA DE MISERICÃRDIA DE TUPÃ;SP;7121233998;2373744666.0;1724053524.33213
VALE PLANOS DE SAÃDE LTDA;PE;6992889961;2330963320.3333335;1701464061.3271074
XP ADMINISTRADORA DE BENEFÃCIOS LTDA.;SP;6983271856;2327757285.3333335;1156545176.070472
ASSOCIAÃÃO DOS SERVIDORES PÃBLICOS DA ADMINISTRAÃÃO DIRETA DO GOVERNO DO ESTADO DO PARÃ - ASPARÃ;PA;6938258255;2312752751.6666665;1138086452.2062416
ODONT-OPERADORA ODONTOLOGICA LTDA;SP;6827937771;2275979257.0;875479419.6712941
PD BRASIL ASSISTENCIA ODONTOLOGICA LTDA;MG;6666888938;2222296312.6666665;1041722357.2038274
SANTA CASA DE MISERICÃRDIA E BENEFICÃNCIA PORTUGUESA;SP;6310459288;2103486429.3333333;1700733862.249349
UNIODONTO DE LONDRINA COOP. ODONTOLÃGICA;PR;6185536136;2061845378.6666667;968964702.1035596
VALEM ADMINISTRADORA DE BENEFÃCIOS LTDA;MG;6112369875;2037456625.0;918113985.9452914
CAMIM OPERADORA DE PLANO DE SAÃDE LTDA;RJ;6083973846;2027991282.0;1668644073.767094
ASSOCIAÃÃO POLICIAL DE ASSISTÃNCIA Ã SAÃDE DE JAÃ;SP;5988149547;1996049849.0;688687539.7733393
SANTA CASA DE MISERICÃRDIA E ASILO DOS POBRES DE BATATAIS;SP;5943584820;1981194940.0;716648280.3296305
MEDIATORIE ADMINISTRADORA DE BENEFÃCIOS S/A;ES;5825937014;1941979004.6666667;977596276.2494087
CAIXA DE ASSISTÃNCIA DOS EMPREGADOS DO SETOR PÃBLICO DO ESTADO DE GOIÃS - CAEME;GO;5820485074;1940161691.3333333;914510568.6928204
ASSOCIAÃÃO SAÃDE RURAL ALEGRETE;RS;5740066504;1913355501.3333333;1057578842.5615448
ASSOCIACAO DOS SERVIDORES DA EMDAGRO - ASSEM;SE;5697498805;1899166268.3333333;814418205.8609574
BENEFICENCIA SOCIAL BOM SAMARITANO;MG;5678433974;1892811324.6666667;873260652.7730739
UNIODONTO RS FEDERACAO DAS UNIODONTOS DO RGS LTDA;RS;5367872119;1789290706.3333333;753433895.6511949
UNIODONTO DO SUL GOIANO COOPERATIVA ODONTOLOGICA;GO;5232660566;1744220188.6666667;1295690192.026475
PRESERVE SAUDE ASSISTENCIA MEDICA LTDA;BA;5204271179;1734757059.6666667;1464580185.1078632
CEAM BRASIL - PLANOS DE SAÃDE LTDA;MG;5138758464;5138758464.0;
ODONTOLIVE OPERADORA DE PLANOS ODONTOLÃGICOS LTDA.;SP;5070255292;1690085097.3333333;927382574.2095381
HSMED SAUDE LTDA;RJ;5053616360;1684538786.6666667;1451598307.6165242
ÃNIX OPERADORA DE PLANOS DE SAÃDE LTDA;RJ;4814858154;1604952718.0;672215907.0319867
CORPORE ADMINISTRADORA DE BENEFICIOS DA SAUDE LTDA;SP;4498968810;1499656270.0;750711198.5719272
FUNDO DE ASSISTÃNCIA MÃDICO-HOSPITALAR DO MINISTÃRIO PÃBLICO;MS;4492183243;1497394414.3333333;1125198613.0406806
BENEVIX ADMINISTRADORA DE BENEFÃCIOS LTDA;ES;4429203718;1476401239.3333333;1471866144.3856468
HOSPITAL CESAR LEITE;MG;4381323891;1460441297.0;1302692088.2796273
SALUSMED OPERADORA DE PLANOS DE SAUDE LTDA;SP;4372348337;1457449445.6666667;932619784.8890812
IRMANDADE SANTA CASA DE MISERICÃRDIA DE ITAPEVA;SP;4276547448;1425515816.0;33137363.11442247
COOPERATIVA DE TRABALHO ODONTOLOGICO - UNIODONTO ITAJUBÃ;MG;4169459514;1389819838.0;696307421.1332651
YOU ASSISTÃNCIA MÃDICA LTDA.;MG;4053527736;4053527736.0;
ASSOC DE ASSIST Ã SAÃDE DOS SERV DAS UNIV E INST FED, EST E/OU FAC PART EM PE;PE;3934724074;1311574691.3333333;471260949.9551999
ASSOCIAÃÃO HOSPITAL SAÃDE DE VARGEM GRANDE DO SUL;SP;3925825467;1308608489.0;1005269461.3794315
QUALIDONTO - QUALIDADE EM ODONTOLOGIA LTDA;BA;3919337379;1306445793.0;729925607.0904634
PLANO DE ASSISTÃNCIA MÃDICA MINEIRA LTDA;MG;3888673415;1296224471.6666667;1007379346.0728374
ASSOCIAÃÃO PADRE PIO PLANOS DE SAÃDE;SP;3840871273;1280290424.3333333;557935125.8696022
ASSOCIAÃÃO SERVIÃOS ODONTOLÃGICOS DA INDÃSTRIA DE MINAS GERAIS - ODONTOINDUSTRIA;MG;3797355601;1265785200.3333333;546947581.6020716
PLATINUM ADMINISTRADORA DE BENEFICIOS;DF;3704916812;1234972270.6666667;685184775.8039755
PLENUM ASSISTENCIA MEDICA  LTDA;DF;3697246236;1848623118.0;1771950489.426076
G2C ADMINISTRADORA DE BENEFICIOS LTDA - ME;RJ;3304047286;1101349095.3333333;716655132.7170852
UP HEALTH ADMINISTRADORA DE BENEFÃCIOS S/A;ES;3193658599;1064552866.3333334;920544602.513629
MEDHEALTH PLANOS DE SAÃDE LTDA;PR;3114804371;1038268123.6666666;528691008.26929075
UNIODONTO DE MATO GROSSO COOP TRAB ODONTOLOGICO LTDA;MT;2995026231;998342077.0;444720883.35270536
ASSOCIAÃÃO DOS FISCAIS DE TRIBUTOS ESTADUAIS DO RS - AFISVEC;RS;2898601271;966200423.6666666;516863093.5636642
HEALTH-MED SISTEMA DE SAUDE LTDA;RJ;2880735434;960245144.6666666;502195720.8959993
SANTA CASA DA MISERICÃRDIA DE SÃO JOÃO DEL REI;MG;2880438071;960146023.6666666;303915461.8249694
BLUZZ SAÃDE S/A;ES;2878850527;959616842.3333334;845019618.2192593
ASSOCIAÃÃO POLICIAL DE ASSISTENCIA A SAUDE DE BOTUCATU;SP;2765062342;921687447.3333334;584982088.6212231
LANCERS ADMINISTRADORA DE BENEFÃCIOS DE SAÃDE LTDA.;SP;2701826570;900608856.6666666;462061600.5975258
CAIXA SEGURADORA ESPECIALIZADA EM SAÃDE S/A;SP;2519434857;839811619.0;602497541.5672772
PLURAL GESTÃO EM PLANOS DE SAÃDE LTDA;RJ;2419806203;806602067.6666666;673024437.735569
PLANO DE ASSISTÃNCIA ODONTOLÃGICA FAUCHARD LTDA. ME;BA;2235601449;745200483.0;567791775.8060652
SAME-SERVIÃO DE ASSISTÃNCIA MÃDICA EMPRESARIAL LTDA.;MA;2226110463;742036821.0;295124095.7193826
SORRIDEN CONVÃNIOS ODONTOLÃGICOS S.A.;SP;2190096974;730032324.6666666;293369432.70192015
ALLCARE ADMINISTRADORA DE BENEFÃCIOS EM SAÃDE LTDA.;DF;2001529918;667176639.3333334;330898463.46569914
INFINITY SAÃDE SUPLEMENTAR LTDA;MT;1916378531;638792843.6666666;368685617.1984705
HOSPITAL DE CARIDADE SÃO VICENTE DE PAULO;PR;1894636514;631545504.6666666;9015613.128530594
CROWN ODONTOLOGIA DE GRUPO LTDA;SP;1856467490;618822496.6666666;512660855.5352951
ALMA ODONTO OPERADORA DE PLANOS ODONTOLOGICOS LTDA;SP;1784907597;594969199.0;144209129.20920444
QUALICORP CLUBE DE SAÃDE ADMINISTRADORA DE BENEFÃCIOS LTDA.;SP;1681610748;560536916.0;817627874.459855
BIORAL SISTEMA ODONTOLÃGICO LTDA.;SP;1677821170;559273723.3333334;182640816.27178735
SERVIX ADMINISTRADORA DE BENEFÃCIOS LTDA;DF;1647131787;549043929.0;245312413.43561217
ODILE SERVIÃOS DE SAÃDE LTDA.;SP;1443226389;481075463.0;272089537.10594964
QV BENEFÃCIOS EM SAÃDE LTDA;RJ;1322645894;440881964.6666667;209937885.8217145
UNIMED FOZ DO IGUACU COOPERATIVA TRABALHO MEDICO;PR;1279518990;639759495.0;359714427.5341013
PLANO SIGMA SAÃDE LTDA;SP;1102353717;551176858.5;30592885.085474767
ODONTO PRIME S/S LTDA;CE;1069553228;356517742.6666667;166827127.83842915
BEMSTAR ASSISTENCIA MEDICA LTDA;BA;1065258595;355086198.3333333;49303600.521595694
SMART CARE SISTEMAS MÃDICOS E ODONTOLÃGICOS LTDA.;SP;865921715;432960857.5;497217182.5449449
BRASIL ODONTO OPERADORA DE PLANOS ODONTOLÃGICOS LTDA;TO;735325454;245108484.66666666;187023771.77515018
INNOVA PLANO DE SAUDE LTDA;RO;681969705;227323235.0;258757218.0217449
ASSISTÃNCIA MÃDICA 12 DE OUTUBRO LTDA;SP;667378650;222459550.0;141605389.6885794
LIVRI OPERADORA DE PLANO DE SAÃDE LTDA;SP;535551988;178517329.33333334;4911345.338827371
G & M ASSESSORIA MEDICA EMPRESARIAL LTDA;RJ;500849997;166949999.0;122550871.10959308
LIFE CLASS ADMINISTRADORA DE BENEFICIOS LTDA.;SP;420915687;140305229.0;21012244.935895283
UNIVIDA USA OPERADORA EM SAUDE S/A;SP;402672555;402672555.0;
POLIMÃDICA SAÃDE SOCIEDADE SIMPLES LTDA;RS;336098083;112032694.33333333;145942311.82054266
EVO SAUDE ASSISTENCIA MEDICA LTDA;DF;317724999;105908333.0;165155903.177135
INTERCLINICAS PLANO VIDA USA OPERADORA DE SAUDE LTDA;SP;310962271;155481135.5;184459525.73263404
CLÃNICA SÃO GABRIEL S/S LTDA;SP;280869200;93623066.66666667;43711428.01634591
SAUDIA ASSISTENCIA MÃDICA LTDA;MG;273638848;91212949.33333333;60489673.588666156
MUITO MAIS SAÃDE ADMINISTRADORA DE BENEFÃCIOS;RJ;255108896;85036298.66666667;66705696.43173663
SAGRADA SAÃDE ASSISTÃNCIA MÃDICA LTDA;MG;220795825;73598608.33333333;71381085.29835212
EXCELÃNCIA PLANO DE SAÃDE S/A;ES;128604532;42868177.333333336;36292618.45432761
A.P.S. ADMINISTRADORA DE BENEFÃCOS LTDA.;SP;124054506;41351502.0;54023546.92499307
UNICONSULT - ADMINISTRADORA DE BENEFICIOS E SERVICOS LTDA;SP;96642992;96642992.0;
VCT PLANOS DE SAUDE LTDA;MG;91600821;91600821.0;
AIRES OPERADORA DE SAUDE LTDA;PE;77193462;77193462.0;
UNICOR ADMINISTRADORA DE BENEFICIOS LTDA;MG;76658626;25552875.333333332;25677099.94127042
QUALI ADMINISTRADORA DE BENEFÃCIOS S/A;ES;76302549;76302549.0;
SOCIODONTO PLANO DE ASSISTÃNCIA ODONTOLÃGICA LTDA;MG;70534596;35267298.0;33781737.97162058
CENTRAL OPERADORA DE PLANOS DE SAÃDE NORTE-NORDESTE LTDA;PB;52940870;17646956.666666668;30399697.728212368
UNIMED PARAIBA - FEDERAÃAO DAS SOCIEDADES COOPERATIVAS DE TRABALHO MEDICO;PB;45401437;15133812.333333334;1967430.8444248638
LEXUS ADMINISTRADORA DE BENEFICIOS LTDA;SP;37313936;12437978.666666666;15426646.677796487
UP SOLUÃÃES EM SAÃDE LTDA;SP;33261272;33261272.0;
SAUDE SALV ASSISTENCIA MEDICA LTDA;RO;32014257;32014257.0;
ESPLENDOR ADMINISTRADORA DE BENEFÃCIOS LTDA.;DF;26648229;8882743.0;7185447.41173081
SALVE SAÃDE ADMINISTRADORA DE BENEFÃCIOS LTDA;RJ;23708960;7902986.666666667;3473197.007561381
SALUPLAN ADMINISTRADORA DE BENEFÃCIOS LTDA;SP;19550446;6516815.333333333;3894498.829600714
ZURICH SANTANDER BRASIL ODONTO LTDA.;SP;14282030;14282030.0;
VITTA SAUDE ADMINISTRADORA DE BENEFICIOS LTDA.;SP;3120958;1040319.3333333334;1595588.5359779736
SAUDE VIVA ADMINISTRADORA DE BENEFICIOS LTDA;SP;3037666;1012555.3333333334;408766.2999873318
ARL ADMINISTRADORA DE BENEFÃCIOS LTDA.;SP;1564186;782093.0;62067.0048254304
INTERVIDA ADMINISTRADORA DE BENEFÃCIOS LTDA;SP;1260500;420166.6666666667;125033.32889007368
BENEFIT ADMINISTRADORA DE BENEFÃCIOS LTDA.;SP;900000;300000.0;150000.0
NEXO - ADMINISTRADORA DE BENEFICIOS LTDA;SP;600000;200000.0;0.0
CLICSAUDE ADMINISTRADORA DE BENEFICIOS LTDA;SP;27345;9115.0;14338.028978907805
GESTAO VIDA ADMINISTRADORA DE BENEFICIOS LTDA.;SP;5160;2580.0;3648.670990922585
MAXIMED PLANOS DE SAUDE LTDA;RJ;30;30.0;
PRO-SAUDE JARINU ASSISTENCIA MEDICA SUPLEMENTAR LTDA.;SP;0;0.0;0.0
TOTAL SAUDE  ADMINISTRADORA DE BENEFICIOS EIRELI;ES;0;0.0;0.0
UNIC ASSISTENCIA MEDICA LTDA;SP;0;0.0;
ELITE SAUDE SERVICOS MEDICOS LTDA.;SP;0;0.0;0.0
HEALTH ADMINISTRADORA DE BENEFICIOS LTDA;SP;0;0.0;
JURAL ADMINISTRADORA DE BENEFICIOS LTDA;SP;0;0.0;
BCI ADMINISTRADORA DE BENEFÃCIOS LTDA.;SP;0;0.0;0.0
ATIMED ASSISTENCIA MEDICA LTDA;SP;0;0.0;
BIT LIFE BENEFÃCIOS LTDA;SP;0;0.0;0.0
AMPLITUDE PLANOS DE SAUDE LTDA;MG;0;0.0;0.0
VROCCHI WAY ADMINISTRADORA DE BENEFICIOS LTDA;SP;0;0.0;
